,Generated from ..\Macro\Specs_Gen.xlsm,,,,,
,Solar,Wind,Nuclear,Gas,Coal,Battery
Capital,1.448,2.098,7.777,1.33,4.507,1.27
Fixed,0.02524345,0.036887328,0.137038878,0.021277712,0.05290281,0.045793584
Variable,0,0,0.00001011,0.0000244,0.00002328,0.00001377
CO2_gen,0.000000005,0.000000004,0.000000003,0.00000049,0.00000082,1.1125E-07
Lifetime,30,25,40,25,40,10
Max_PCT,0.017724569,0.025260825,0.027576164,0.048839741,0.117184593,0.01741704
